<?xml version="1.0" encoding="UTF-8"?>
<serviciovod>
    <peliculas>
        <!-- Primer título usando entidades predefinidas -->
        <video id="11">
            <titulo>&lt;video id=&quot;11&quot;&gt;&amp;lt;/video&gt;</titulo>
            <genero>Drama</genero>
            <duracion>120</duracion>
            <clasificacion>PG-13</clasificacion>
        </video>
    </peliculas>
    <programas>
        <video id="3">
            <titulo>Breaking Bad</titulo>
            <genero>Drama</genero>
            <duracion>45</duracion>
            <clasificacion>TV-MA</clasificacion>
            <temporada>1</temporada>
            <episodio>1</episodio>
        </video>
    </programas>
</serviciovod>