<?xml version="1.0" encoding="UTF-8"?>
<tw:Spotify xmlns:tw="http://tecnologiasweb.com.mx"
           xmlns:xsi="http://www.w3.org/2001/XMLSchema-instance"
           xsi:schemaLocation="http://tecnologiasweb.com.mx spotify_ns.xsd"
           version="1.0">
    <tw:Cuenta id="1" plan="premium" fechaIni="2022-02-01" fechaFin="2023-02-01">
        <tw:Nombre>John Wick</tw:Nombre>
        <tw:Correo>john011@gmail.com</tw:Correo>
        <tw:Telefono tipo="movil">000-123-4567</tw:Telefono>
    </tw:Cuenta>
    <tw:Cuenta id="2" plan="familiar">
        <tw:Nombre>Jane Doe</tw:Nombre>
        <tw:Correo>jane.doe@gmail.com</tw:Correo>
    </tw:Cuenta>
</tw:Spotify>